<?xml version="1.0" encoding="utf-8"?>
<extension type="module" client="site" version="3.0" method="upgrade">
    <name>Items related for K2</name>
    <author>@Javi_Mata</author>
    <creationDate>March 15th, 2016</creationDate>
    <copyright>Copyright (c) 2016 @Javi_Mata</copyright>
    <authorEmail>javimata@gmail.com</authorEmail>
    <authorUrl>www.javimata.com</authorUrl>
    <version>1.0.0</version>
    <license>http://www.gnu.org/licenses/gpl-2.0.html GNU/GPL</license>
    <description>Items related list for K2</description>
    <files>
        <filename module="mod_k2_related_items">mod_k2_related_items.php</filename>
        <filename>helper.php</filename>
        <filename>index.html</filename>
        <folder>tmpl</folder>
    </files>

    <updateservers>
        <server type="extension" name="Items related for K2" priority="1">https://raw.githubusercontent.com/javimata/mod_k2_related_items/master/update.xml</server>
    </updateservers>

    <config>
        <fields name="params">
            <fieldset name="basic" addfieldpath="/administrator/components/com_k2/elements/">
                <field name="moduleclass_sfx" type="text" default="" label="Module class"/>
                <field name="getTemplate" type="moduletemplate" modulename="mod_k2_related_items" default="Default" label="Template"/>

                <field name="" type="header" default="Display Configuration" label="" description=""/>
                <field name="itemsOrdering" type="list" default="" label="Sort By" description="">
                    <option value="">K2_DEFAULT</option>
                    <option value="date">ID</option>
                    <option value="name">Namee</option>
                    <option value="order">Order</option>
                    <option value="rand">Random</option>
                </field>

                <field name="itemCount" type="text" size="4" default="" label="Display" description="Count display items, 0 or Null to no limit" />

                <field name="itemTitle" type="list" default="1" label="Display title" description="">
                    <option value="1">JYES</option>
                    <option value="0">JNO</option>
                    <option value="2">Si, with link</option>
                </field>

                <field name="itemIntroText" type="radio" default="1" label="Show introtext" description="">
                    <option value="0">K2_HIDE</option>
                    <option value="1">K2_SHOW</option>
                </field>

                <field name="itemImgShow" type="radio" default="1" label="Show image" description="">
                    <option value="0">K2_HIDE</option>
                    <option value="1">K2_SHOW</option>
                </field>

                <field name="itemImgSize" type="list" default="Small" label="Image size" description="">
                    <option value="XSmall">K2_XSMALL</option>
                    <option value="Small">K2_SMALL</option>
                    <option value="Medium">K2_MEDIUM</option>
                    <option value="Large">K2_LARGE</option>
                    <option value="XLarge">K2_XLARGE</option>
                </field>

                <field name="itemReadMore" type="radio" default="1" label="Read more">
                    <option value="0">K2_HIDE</option>
                    <option value="1">K2_SHOW</option>
                </field>

            </fieldset>
        </fields>
    </config>
</extension>